lo2_hz,lo2_ghz,severity_rank,if1_hz,if1_mhz,worst_tone_freq_hz,worst_tone_freq_ghz,worst_tone_level_dbc,margin_to_spec_db,coincident,coincident_with_carrier_bin,has_unknown_contributors,unknown_contributors_count,unknown_combining_mode,spur_type,spur_type_raw,top_origin,top_stage_path,top_dataset_id,top_kind,top_expression,top_m,top_n,top_sign,top_dbc,top_lineage_row_indices
22000000000.0,22.0,1,2360000000.0,2360.0,28380000000.0,28.38,-55.551105006445894,-4.448894993554106,False,False,False,0,ignore,translated_residual | spur | 2*LO - 2*IF,translated_residual | spur | 2*LO - 2*IF,translated_residual,translated_residual -> if2_filter -> mixer2_translate -> rf_filter,mixer1,spur,2*LO - 2*IF,2,2,-1,-55.5511050064459,757
22000000000.0,22.0,2,2370000000.0,2370.0,28360000000.0,28.36,-55.74068603329696,-4.25931396670304,False,False,False,0,ignore,translated_residual | spur | 2*LO - 2*IF,translated_residual | spur | 2*LO - 2*IF,translated_residual,translated_residual -> if2_filter -> mixer2_translate -> rf_filter,mixer1,spur,2*LO - 2*IF,2,2,-1,-55.74068603329696,"757,764"
22000000000.0,22.0,3,2380000000.0,2380.0,28340000000.0,28.34,-56.13051616950682,-3.8694838304931807,False,False,False,0,ignore,translated_residual | spur | 2*LO - 2*IF,translated_residual | spur | 2*LO - 2*IF,translated_residual,translated_residual -> if2_filter -> mixer2_translate -> rf_filter,mixer1,spur,2*LO - 2*IF,2,2,-1,-56.13051616950682,"764,770"
22000000000.0,22.0,4,2300000000.0,2300.0,28500000000.0,28.5,-56.53195016094507,-3.4680498390549275,False,False,False,0,ignore,translated_residual | spur | 2*LO - 2*IF,translated_residual | spur | 2*LO - 2*IF,translated_residual,translated_residual -> if2_filter -> mixer2_translate -> rf_filter,mixer1,spur,2*LO - 2*IF,2,2,-1,-56.53195016094507,727
22000000000.0,22.0,5,2390000000.0,2390.0,28320000000.0,28.32,-56.71617259331518,-3.2838274066848214,False,False,False,0,ignore,translated_residual | spur | 2*LO - 2*IF,translated_residual | spur | 2*LO - 2*IF,translated_residual,translated_residual -> if2_filter -> mixer2_translate -> rf_filter,mixer1,spur,2*LO - 2*IF,2,2,-1,-56.71617259331517,770
22000000000.0,22.0,6,2210000000.0,2210.0,28680000000.0,28.68,-56.94412378174072,-3.0558762182592787,False,False,False,0,ignore,translated_residual | spur | 2*LO - 2*IF,translated_residual | spur | 2*LO - 2*IF,translated_residual,translated_residual -> if2_filter -> mixer2_translate -> rf_filter,mixer1,spur,2*LO - 2*IF,2,2,-1,-56.94412378174072,677
22000000000.0,22.0,7,2140000000.0,2140.0,28820000000.0,28.82,-56.976774401322075,-3.023225598677925,False,False,False,0,ignore,translated_residual | spur | 2*LO - 2*IF,translated_residual | spur | 2*LO - 2*IF,translated_residual,translated_residual -> if2_filter -> mixer2_translate -> rf_filter,mixer1,spur,2*LO - 2*IF,2,2,-1,-56.976774401322075,"632,641"
22000000000.0,22.0,8,2310000000.0,2310.0,28480000000.0,28.48,-56.98485661212075,-3.015143387879249,False,False,False,0,ignore,translated_residual | spur | 2*LO - 2*IF,translated_residual | spur | 2*LO - 2*IF,translated_residual,translated_residual -> if2_filter -> mixer2_translate -> rf_filter,mixer1,spur,2*LO - 2*IF,2,2,-1,-56.98485661212075,"727,735"
22000000000.0,22.0,9,2290000000.0,2290.0,28520000000.0,28.52,-57.00996935904424,-2.9900306409557587,False,False,False,0,ignore,translated_residual | spur | 2*LO - 2*IF,translated_residual | spur | 2*LO - 2*IF,translated_residual,translated_residual -> if2_filter -> mixer2_translate -> rf_filter,mixer1,spur,2*LO - 2*IF,2,2,-1,-57.00996935904424,"719,727"
22000000000.0,22.0,10,2350000000.0,2350.0,28400000000.0,28.4,-57.10261929748991,-2.897380702510091,False,False,False,0,ignore,translated_residual | spur | 2*LO - 2*IF,translated_residual | spur | 2*LO - 2*IF,translated_residual,translated_residual -> if2_filter -> mixer2_translate -> rf_filter,mixer1,spur,2*LO - 2*IF,2,2,-1,-57.10261929748991,"750,757"
22000000000.0,22.0,11,2220000000.0,2220.0,28660000000.0,28.66,-57.23921426767497,-2.760785732325033,True,False,False,0,ignore,translated_residual | spur | 2*LO - 2*IF,translated_residual | spur | 2*LO - 2*IF,translated_residual,translated_residual -> if2_filter -> mixer2_translate -> rf_filter,mixer1,spur,2*LO - 2*IF,2,2,-1,-57.25199024782148,"677,685"
22000000000.0,22.0,12,2130000000.0,2130.0,28840000000.0,28.84,-57.33020914323929,-2.669790856760713,False,False,False,0,ignore,translated_residual | spur | 2*LO - 2*IF,translated_residual | spur | 2*LO - 2*IF,translated_residual,translated_residual -> if2_filter -> mixer2_translate -> rf_filter,mixer1,spur,2*LO - 2*IF,2,2,-1,-57.33020914323928,"623,632"
22000000000.0,22.0,13,2200000000.0,2200.0,28700000000.0,28.7,-57.367049935931,-2.632950064069,False,False,False,0,ignore,translated_residual | spur | 2*LO - 2*IF,translated_residual | spur | 2*LO - 2*IF,translated_residual,translated_residual -> if2_filter -> mixer2_translate -> rf_filter,mixer1,spur,2*LO - 2*IF,2,2,-1,-57.367049935931,"668,677"
22000000000.0,22.0,14,2400000000.0,2400.0,28300000000.0,28.3,-57.43353562458458,-2.5664643754154213,False,False,False,0,ignore,translated_residual | spur | 2*LO - 2*IF,translated_residual | spur | 2*LO - 2*IF,translated_residual,translated_residual -> if2_filter -> mixer2_translate -> rf_filter,mixer1,spur,2*LO - 2*IF,2,2,-1,-57.43353562458457,"770,777"
22000000000.0,22.0,15,2440000000.0,2440.0,28220000000.0,28.22,-57.568738174938986,-2.4312618250610143,False,False,False,0,ignore,translated_residual | spur | 2*LO - 2*IF,translated_residual | spur | 2*LO - 2*IF,translated_residual,translated_residual -> if2_filter -> mixer2_translate -> rf_filter,mixer1,spur,2*LO - 2*IF,2,2,-1,-57.56873817493899,"791,798"
22000000000.0,22.0,16,2230000000.0,2230.0,28640000000.0,28.64,-57.58219573554227,-2.417804264457729,False,False,False,0,ignore,translated_residual | spur | 2*LO - 2*IF,translated_residual | spur | 2*LO - 2*IF,translated_residual,translated_residual -> if2_filter -> mixer2_translate -> rf_filter,mixer1,spur,2*LO - 2*IF,2,2,-1,-57.58219573554227,"685,694"
22000000000.0,22.0,17,2450000000.0,2450.0,28200000000.0,28.2,-57.652986572051546,-2.347013427948454,False,False,False,0,ignore,translated_residual | spur | 2*LO - 2*IF,translated_residual | spur | 2*LO - 2*IF,translated_residual,translated_residual -> if2_filter -> mixer2_translate -> rf_filter,mixer1,spur,2*LO - 2*IF,2,2,-1,-57.652986572051546,798
22000000000.0,22.0,18,2150000000.0,2150.0,28800000000.0,28.8,-57.693700819644256,-2.3062991803557438,False,False,False,0,ignore,translated_residual | spur | 2*LO - 2*IF,translated_residual | spur | 2*LO - 2*IF,translated_residual,translated_residual -> if2_filter -> mixer2_translate -> rf_filter,mixer1,spur,2*LO - 2*IF,2,2,-1,-57.693700819644256,641
22000000000.0,22.0,19,2240000000.0,2240.0,28620000000.0,28.62,-57.93493911831209,-2.065060881687913,False,False,False,0,ignore,translated_residual | spur | 2*LO - 2*IF,translated_residual | spur | 2*LO - 2*IF,translated_residual,translated_residual -> if2_filter -> mixer2_translate -> rf_filter,mixer1,spur,2*LO - 2*IF,2,2,-1,-57.93493911831209,694
22000000000.0,22.0,20,2430000000.0,2430.0,28240000000.0,28.24,-58.026804693131425,-1.9731953068685755,False,False,False,0,ignore,translated_residual | spur | 2*LO - 2*IF,translated_residual | spur | 2*LO - 2*IF,translated_residual,translated_residual -> if2_filter -> mixer2_translate -> rf_filter,mixer1,spur,2*LO - 2*IF,2,2,-1,-58.026804693131425,"784,791"
22000000000.0,22.0,21,2000000000.0,2000.0,29100000000.0,29.1,-58.05558169411961,-1.94441830588039,False,False,False,0,ignore,translated_residual | spur | 2*LO - 2*IF,translated_residual | spur | 2*LO - 2*IF,translated_residual,translated_residual -> if2_filter -> mixer2_translate -> rf_filter,mixer1,spur,2*LO - 2*IF,2,2,-1,-58.05558169411961,563
22000000000.0,22.0,22,2410000000.0,2410.0,28280000000.0,28.28,-58.11027997079721,-1.8897200292027918,False,False,False,0,ignore,translated_residual | spur | 2*LO - 2*IF,translated_residual | spur | 2*LO - 2*IF,translated_residual,translated_residual -> if2_filter -> mixer2_translate -> rf_filter,mixer1,spur,2*LO - 2*IF,2,2,-1,-58.11027997079721,"777,784"
22000000000.0,22.0,23,2190000000.0,2190.0,28720000000.0,28.72,-58.11959570014299,-1.8804042998570125,False,False,False,0,ignore,translated_residual | spur | 2*LO - 2*IF,translated_residual | spur | 2*LO - 2*IF,translated_residual,translated_residual -> if2_filter -> mixer2_translate -> rf_filter,mixer1,spur,2*LO - 2*IF,2,2,-1,-58.11959570014299,"659,668"
22000000000.0,22.0,24,2070000000.0,2070.0,28960000000.0,28.96,-58.141206279890795,-1.8587937201092046,False,False,False,0,ignore,translated_residual | spur | 2*LO - 2*IF,translated_residual | spur | 2*LO - 2*IF,translated_residual,translated_residual -> if2_filter -> mixer2_translate -> rf_filter,mixer1,spur,2*LO - 2*IF,2,2,-1,-58.141206279890795,"593,600"
22000000000.0,22.0,25,2320000000.0,2320.0,28460000000.0,28.46,-58.189798244091975,-1.8102017559080252,False,False,False,0,ignore,translated_residual | spur | 2*LO - 2*IF,translated_residual | spur | 2*LO - 2*IF,translated_residual,translated_residual -> if2_filter -> mixer2_translate -> rf_filter,mixer1,spur,2*LO - 2*IF,2,2,-1,-58.189798244091975,"735,743"
22000000000.0,22.0,26,2280000000.0,2280.0,28540000000.0,28.54,-58.256006578013825,-1.7439934219861755,False,False,False,0,ignore,translated_residual | spur | 2*LO - 2*IF,translated_residual | spur | 2*LO - 2*IF,translated_residual,translated_residual -> if2_filter -> mixer2_translate -> rf_filter,mixer1,spur,2*LO - 2*IF,2,2,-1,-58.256006578013825,"711,719"
22000000000.0,22.0,27,2080000000.0,2080.0,28940000000.0,28.94,-58.25715869692821,-1.742841303071792,False,False,False,0,ignore,translated_residual | spur | 2*LO - 2*IF,translated_residual | spur | 2*LO - 2*IF,translated_residual,translated_residual -> if2_filter -> mixer2_translate -> rf_filter,mixer1,spur,2*LO - 2*IF,2,2,-1,-58.25715869692821,"600,607"
22000000000.0,22.0,28,1990000000.0,1990.0,29120000000.0,29.12,-58.29567447508718,-1.704325524912818,False,False,False,0,ignore,translated_residual | spur | 2*LO - 2*IF,translated_residual | spur | 2*LO - 2*IF,translated_residual,translated_residual -> if2_filter -> mixer2_translate -> rf_filter,mixer1,spur,2*LO - 2*IF,2,2,-1,-58.29567447508718,"555,563"
22000000000.0,22.0,29,2420000000.0,2420.0,28260000000.0,28.26,-58.57283428728202,-1.4271657127179793,False,False,False,0,ignore,translated_residual | spur | 2*LO - 2*IF,translated_residual | spur | 2*LO - 2*IF,translated_residual,translated_residual -> if2_filter -> mixer2_translate -> rf_filter,mixer1,spur,2*LO - 2*IF,2,2,-1,-58.57283428728202,784
22000000000.0,22.0,30,2010000000.0,2010.0,29080000000.0,29.08,-58.63474622094182,-1.365253779058179,False,False,False,0,ignore,translated_residual | spur | 2*LO - 2*IF,translated_residual | spur | 2*LO - 2*IF,translated_residual,translated_residual -> if2_filter -> mixer2_translate -> rf_filter,mixer1,spur,2*LO - 2*IF,2,2,-1,-58.63474622094183,"563,571"
22000000000.0,22.0,31,2340000000.0,2340.0,28420000000.0,28.42,-58.63678917723635,-1.363210822763648,False,False,False,0,ignore,translated_residual | spur | 2*LO - 2*IF,translated_residual | spur | 2*LO - 2*IF,translated_residual,translated_residual -> if2_filter -> mixer2_translate -> rf_filter,mixer1,spur,2*LO - 2*IF,2,2,-1,-58.63678917723635,"743,750"
22000000000.0,22.0,32,1980000000.0,1980.0,29140000000.0,29.14,-58.639444486012536,-1.3605555139874639,False,False,False,0,ignore,translated_residual | spur | 2*LO - 2*IF,translated_residual | spur | 2*LO - 2*IF,translated_residual,translated_residual -> if2_filter -> mixer2_translate -> rf_filter,mixer1,spur,2*LO - 2*IF,2,2,-1,-58.639444486012536,"547,555"
22000000000.0,22.0,33,2120000000.0,2120.0,28860000000.0,28.86,-58.73442065661645,-1.2655793433835498,False,False,False,0,ignore,translated_residual | spur | 2*LO - 2*IF,translated_residual | spur | 2*LO - 2*IF,translated_residual,translated_residual -> if2_filter -> mixer2_translate -> rf_filter,mixer1,spur,2*LO - 2*IF,2,2,-1,-58.73442065661645,623
22000000000.0,22.0,34,2060000000.0,2060.0,28980000000.0,28.98,-58.83947845829661,-1.160521541703389,False,False,False,0,ignore,translated_residual | spur | 2*LO - 2*IF,translated_residual | spur | 2*LO - 2*IF,translated_residual,translated_residual -> if2_filter -> mixer2_translate -> rf_filter,mixer1,spur,2*LO - 2*IF,2,2,-1,-58.83947845829661,593
22000000000.0,22.0,35,1910000000.0,1910.0,29280000000.0,29.28,-58.92612232256866,-1.0738776774313408,False,False,False,0,ignore,translated_residual | spur | 2*LO - 2*IF,translated_residual | spur | 2*LO - 2*IF,translated_residual,translated_residual -> if2_filter -> mixer2_translate -> rf_filter,mixer1,spur,2*LO - 2*IF,2,2,-1,-58.92612232256866,516
22000000000.0,22.0,36,1970000000.0,1970.0,29160000000.0,29.16,-59.086891726895686,-0.9131082731043136,False,False,False,0,ignore,translated_residual | spur | 2*LO - 2*IF,translated_residual | spur | 2*LO - 2*IF,translated_residual,translated_residual -> if2_filter -> mixer2_translate -> rf_filter,mixer1,spur,2*LO - 2*IF,2,2,-1,-59.086891726895686,547
22000000000.0,22.0,37,2090000000.0,2090.0,28920000000.0,28.92,-59.18733570940881,-0.8126642905911865,False,False,False,0,ignore,translated_residual | spur | 2*LO - 2*IF,translated_residual | spur | 2*LO - 2*IF,translated_residual,translated_residual -> if2_filter -> mixer2_translate -> rf_filter,mixer1,spur,2*LO - 2*IF,2,2,-1,-59.18733570940882,607
22000000000.0,22.0,38,2160000000.0,2160.0,28780000000.0,28.78,-59.19888494925834,-0.8011150507416573,False,False,False,0,ignore,translated_residual | spur | 2*LO - 2*IF,translated_residual | spur | 2*LO - 2*IF,translated_residual,translated_residual -> if2_filter -> mixer2_translate -> rf_filter,mixer1,spur,2*LO - 2*IF,2,2,-1,-59.19888494925834,"641,650"
22000000000.0,22.0,39,2180000000.0,2180.0,28740000000.0,28.74,-59.246240856720235,-0.7537591432797655,False,False,False,0,ignore,translated_residual | spur | 2*LO - 2*IF,translated_residual | spur | 2*LO - 2*IF,translated_residual,translated_residual -> if2_filter -> mixer2_translate -> rf_filter,mixer1,spur,2*LO - 2*IF,2,2,-1,-59.24624085672024,659
22000000000.0,22.0,40,2250000000.0,2250.0,28600000000.0,28.6,-59.26242399875092,-0.7375760012490815,False,False,False,0,ignore,translated_residual | spur | 2*LO - 2*IF,translated_residual | spur | 2*LO - 2*IF,translated_residual,translated_residual -> if2_filter -> mixer2_translate -> rf_filter,mixer1,spur,2*LO - 2*IF,2,2,-1,-59.26242399875092,"694,703"
22000000000.0,22.0,41,1840000000.0,1840.0,29420000000.0,29.42,-59.315204094658974,-0.6847959053410264,False,False,False,0,ignore,translated_residual | spur | 2*LO - 2*IF,translated_residual | spur | 2*LO - 2*IF,translated_residual,translated_residual -> if2_filter -> mixer2_translate -> rf_filter,mixer1,spur,2*LO - 2*IF,2,2,-1,-59.315204094658974,"481,495"
22000000000.0,22.0,42,1900000000.0,1900.0,29300000000.0,29.3,-59.50757122422403,-0.49242877577597,False,False,False,0,ignore,translated_residual | spur | 2*LO - 2*IF,translated_residual | spur | 2*LO - 2*IF,translated_residual,translated_residual -> if2_filter -> mixer2_translate -> rf_filter,mixer1,spur,2*LO - 2*IF,2,2,-1,-59.50757122422403,"509,516"
22000000000.0,22.0,43,1770000000.0,1770.0,29560000000.0,29.56,-59.65495678761633,-0.34504321238367197,False,False,False,0,ignore,translated_residual | spur | 2*LO - 2*IF,translated_residual | spur | 2*LO - 2*IF,translated_residual,translated_residual -> if2_filter -> mixer2_translate -> rf_filter,mixer1,spur,2*LO - 2*IF,2,2,-1,-59.65495678761633,"443,451"
22000000000.0,22.0,44,2020000000.0,2020.0,29060000000.0,29.06,-59.6684162933148,-0.3315837066852012,False,False,False,0,ignore,translated_residual | spur | 2*LO - 2*IF,translated_residual | spur | 2*LO - 2*IF,translated_residual,translated_residual -> if2_filter -> mixer2_translate -> rf_filter,mixer1,spur,2*LO - 2*IF,2,2,-1,-59.6684162933148,"571,579"
22000000000.0,22.0,45,2170000000.0,2170.0,28760000000.0,28.76,-59.7204089901375,-0.2795910098625001,False,False,False,0,ignore,translated_residual | spur | 2*LO - 2*IF,translated_residual | spur | 2*LO - 2*IF,translated_residual,translated_residual -> if2_filter -> mixer2_translate -> rf_filter,mixer1,spur,2*LO - 2*IF,2,2,-1,-59.72040899013751,"650,659"
22000000000.0,22.0,46,1830000000.0,1830.0,29440000000.0,29.44,-59.72766595712567,-0.27233404287432705,False,False,False,0,ignore,translated_residual | spur | 2*LO - 2*IF,translated_residual | spur | 2*LO - 2*IF,translated_residual,translated_residual -> if2_filter -> mixer2_translate -> rf_filter,mixer1,spur,2*LO - 2*IF,2,2,-1,-59.72766595712567,"474,481"
22000000000.0,22.0,47,1920000000.0,1920.0,29260000000.0,29.26,-59.84482502290355,-0.15517497709645056,False,False,False,0,ignore,translated_residual | spur | 2*LO - 2*IF,translated_residual | spur | 2*LO - 2*IF,translated_residual,translated_residual -> if2_filter -> mixer2_translate -> rf_filter,mixer1,spur,2*LO - 2*IF,2,2,-1,-59.84482502290355,"516,523"
22000000000.0,22.0,48,1960000000.0,1960.0,29180000000.0,29.18,-59.86050761981795,-0.13949238018204824,False,False,False,0,ignore,translated_residual | spur | 2*LO - 2*IF,translated_residual | spur | 2*LO - 2*IF,translated_residual,translated_residual -> if2_filter -> mixer2_translate -> rf_filter,mixer1,spur,2*LO - 2*IF,2,2,-1,-59.86050761981795,"539,547"
22000000000.0,22.0,49,1780000000.0,1780.0,29540000000.0,29.54,-59.86495299753056,-0.13504700246944168,False,False,False,0,ignore,translated_residual | spur | 2*LO - 2*IF,translated_residual | spur | 2*LO - 2*IF,translated_residual,translated_residual -> if2_filter -> mixer2_translate -> rf_filter,mixer1,spur,2*LO - 2*IF,2,2,-1,-59.86495299753056,"451,459"
22000000000.0,22.0,50,2260000000.0,2260.0,28580000000.0,28.58,-60.03885901049185,0.03885901049184781,False,False,False,0,ignore,translated_residual | spur | 2*LO - 2*IF,translated_residual | spur | 2*LO - 2*IF,translated_residual,translated_residual -> if2_filter -> mixer2_translate -> rf_filter,mixer1,spur,2*LO - 2*IF,2,2,-1,-60.03885901049185,"703,711"
22000000000.0,22.0,51,1610000000.0,1610.0,29880000000.0,29.88,-60.05235981634647,0.052359816346466914,False,False,False,0,ignore,translated_residual | spur | 2*LO - 2*IF,translated_residual | spur | 2*LO - 2*IF,translated_residual,translated_residual -> if2_filter -> mixer2_translate -> rf_filter,mixer1,spur,2*LO - 2*IF,2,2,-1,-60.05235981634647,358
22000000000.0,22.0,52,2330000000.0,2330.0,28440000000.0,28.44,-60.15456738065697,0.15456738065697095,False,False,False,0,ignore,translated_residual | spur | 2*LO - 2*IF,translated_residual | spur | 2*LO - 2*IF,translated_residual,translated_residual -> if2_filter -> mixer2_translate -> rf_filter,mixer1,spur,2*LO - 2*IF,2,2,-1,-60.15456738065697,743
22000000000.0,22.0,53,1850000000.0,1850.0,29400000000.0,29.4,-60.179670489923396,0.17967048992339585,True,True,False,0,ignore,translated_residual | spur | 2*LO - 2*IF,translated_residual | spur | 2*LO - 2*IF,translated_residual,translated_residual -> if2_filter -> mixer2_translate -> rf_filter,mixer1,spur,2*LO - 2*IF,2,2,-1,-60.17968540691214,"481,495"
22000000000.0,22.0,54,2270000000.0,2270.0,28560000000.0,28.56,-60.25531182092179,0.25531182092178994,False,False,False,0,ignore,translated_residual | spur | 2*LO - 2*IF,translated_residual | spur | 2*LO - 2*IF,translated_residual,translated_residual -> if2_filter -> mixer2_translate -> rf_filter,mixer1,spur,2*LO - 2*IF,2,2,-1,-60.25531182092178,711
22000000000.0,22.0,55,1760000000.0,1760.0,29580000000.0,29.58,-60.272910853731396,0.27291085373139623,False,False,False,0,ignore,translated_residual | spur | 2*LO - 2*IF,translated_residual | spur | 2*LO - 2*IF,translated_residual,translated_residual -> if2_filter -> mixer2_translate -> rf_filter,mixer1,spur,2*LO - 2*IF,2,2,-1,-60.272910853731396,443
22000000000.0,22.0,56,1620000000.0,1620.0,29860000000.0,29.86,-60.35095678386001,0.3509567838600134,False,False,False,0,ignore,translated_residual | spur | 2*LO - 2*IF,translated_residual | spur | 2*LO - 2*IF,translated_residual,translated_residual -> if2_filter -> mixer2_translate -> rf_filter,mixer1,spur,2*LO - 2*IF,2,2,-1,-60.35095678386001,"358,366"
22000000000.0,22.0,57,1890000000.0,1890.0,29320000000.0,29.32,-60.53427736782636,0.5342773678263626,False,False,False,0,ignore,translated_residual | spur | 2*LO - 2*IF,translated_residual | spur | 2*LO - 2*IF,translated_residual,translated_residual -> if2_filter -> mixer2_translate -> rf_filter,mixer1,spur,2*LO - 2*IF,2,2,-1,-60.534277367826355,"502,509"
22000000000.0,22.0,58,2050000000.0,2050.0,29000000000.0,29.0,-60.567978405790384,0.5679784057903845,False,False,False,0,ignore,translated_residual | spur | 2*LO - 2*IF,translated_residual | spur | 2*LO - 2*IF,translated_residual,translated_residual -> if2_filter -> mixer2_translate -> rf_filter,mixer1,spur,2*LO - 2*IF,2,2,-1,-60.567978405790384,"586,593"
22000000000.0,22.0,59,1950000000.0,1950.0,29200000000.0,29.2,-60.57034309591341,0.5703430959134081,False,False,False,0,ignore,translated_residual | spur | 2*LO - 2*IF,translated_residual | spur | 2*LO - 2*IF,translated_residual,translated_residual -> if2_filter -> mixer2_translate -> rf_filter,mixer1,spur,2*LO - 2*IF,2,2,-1,-60.57034309591341,"531,539"
22000000000.0,22.0,60,1930000000.0,1930.0,29240000000.0,29.24,-60.59062262078096,0.5906226207809624,False,False,False,0,ignore,translated_residual | spur | 2*LO - 2*IF,translated_residual | spur | 2*LO - 2*IF,translated_residual,translated_residual -> if2_filter -> mixer2_translate -> rf_filter,mixer1,spur,2*LO - 2*IF,2,2,-1,-60.59062262078096,"523,531"
22000000000.0,22.0,61,2110000000.0,2110.0,28880000000.0,28.88,-60.8333593725525,0.8333593725525006,False,False,False,0,ignore,translated_residual | spur | 2*LO - 2*IF,translated_residual | spur | 2*LO - 2*IF,translated_residual,translated_residual -> if2_filter -> mixer2_translate -> rf_filter,mixer1,spur,2*LO - 2*IF,2,2,-1,-60.8333593725525,"614,623"
22000000000.0,22.0,62,1720000000.0,1720.0,29660000000.0,29.66,-60.898226539561406,0.8982265395614064,False,False,False,0,ignore,translated_residual | spur | 2*LO - 2*IF,translated_residual | spur | 2*LO - 2*IF,translated_residual,translated_residual -> if2_filter -> mixer2_translate -> rf_filter,mixer1,spur,2*LO - 2*IF,2,2,-1,-60.898226539561406,"418,427"
22000000000.0,22.0,63,1790000000.0,1790.0,29520000000.0,29.52,-60.90289948347407,0.9028994834740729,False,False,False,0,ignore,translated_residual | spur | 2*LO - 2*IF,translated_residual | spur | 2*LO - 2*IF,translated_residual,translated_residual -> if2_filter -> mixer2_translate -> rf_filter,mixer1,spur,2*LO - 2*IF,2,2,-1,-60.90289948347407,459
22000000000.0,22.0,64,1500000000.0,1500.0,30100000000.0,30.1,-60.914002772974015,0.9140027729740154,False,False,False,0,ignore,translated_residual | spur | 2*LO - 2*IF,translated_residual | spur | 2*LO - 2*IF,translated_residual,translated_residual -> if2_filter -> mixer2_translate -> rf_filter,mixer1,spur,2*LO - 2*IF,2,2,-1,-60.914002772974015,"296,304"
22000000000.0,22.0,65,1670000000.0,1670.0,29760000000.0,29.76,-60.94332408318769,0.9433240831876901,False,False,False,0,ignore,translated_residual | spur | 2*LO - 2*IF,translated_residual | spur | 2*LO - 2*IF,translated_residual,translated_residual -> if2_filter -> mixer2_translate -> rf_filter,mixer1,spur,2*LO - 2*IF,2,2,-1,-60.94332408318768,391
22000000000.0,22.0,66,1510000000.0,1510.0,30080000000.0,30.08,-60.96042921150957,0.9604292115095703,False,False,False,0,ignore,translated_residual | spur | 2*LO - 2*IF,translated_residual | spur | 2*LO - 2*IF,translated_residual,translated_residual -> if2_filter -> mixer2_translate -> rf_filter,mixer1,spur,2*LO - 2*IF,2,2,-1,-60.96042921150957,"304,312"
22000000000.0,22.0,67,2100000000.0,2100.0,28900000000.0,28.9,-60.98474940763648,0.9847494076364782,False,False,False,0,ignore,translated_residual | spur | 2*LO - 2*IF,translated_residual | spur | 2*LO - 2*IF,translated_residual,translated_residual -> if2_filter -> mixer2_translate -> rf_filter,mixer1,spur,2*LO - 2*IF,2,2,-1,-60.98474940763648,"607,614"
22000000000.0,22.0,68,1630000000.0,1630.0,29840000000.0,29.84,-60.99566120051604,0.9956612005160395,False,False,False,0,ignore,translated_residual | spur | 2*LO - 2*IF,translated_residual | spur | 2*LO - 2*IF,translated_residual,translated_residual -> if2_filter -> mixer2_translate -> rf_filter,mixer1,spur,2*LO - 2*IF,2,2,-1,-60.99566120051604,"366,374"
22000000000.0,22.0,69,1860000000.0,1860.0,29380000000.0,29.38,-61.044166719165304,1.044166719165304,False,False,False,0,ignore,translated_residual | spur | 2*LO - 2*IF,translated_residual | spur | 2*LO - 2*IF,translated_residual,translated_residual -> if2_filter -> mixer2_translate -> rf_filter,mixer1,spur,2*LO - 2*IF,2,2,-1,-61.044166719165304,"481,495"
22000000000.0,22.0,70,1730000000.0,1730.0,29640000000.0,29.64,-61.09455341868207,1.094553418682068,False,False,False,0,ignore,translated_residual | spur | 2*LO - 2*IF,translated_residual | spur | 2*LO - 2*IF,translated_residual,translated_residual -> if2_filter -> mixer2_translate -> rf_filter,mixer1,spur,2*LO - 2*IF,2,2,-1,-61.09455341868207,427
22000000000.0,22.0,71,2030000000.0,2030.0,29040000000.0,29.04,-61.15659191123852,1.1565919112385217,False,False,False,0,ignore,translated_residual | spur | 2*LO - 2*IF,translated_residual | spur | 2*LO - 2*IF,translated_residual,translated_residual -> if2_filter -> mixer2_translate -> rf_filter,mixer1,spur,2*LO - 2*IF,2,2,-1,-61.15659191123852,579
22000000000.0,22.0,72,1940000000.0,1940.0,29220000000.0,29.22,-61.1635151162009,1.163515116200898,False,False,False,0,ignore,translated_residual | spur | 2*LO - 2*IF,translated_residual | spur | 2*LO - 2*IF,translated_residual,translated_residual -> if2_filter -> mixer2_translate -> rf_filter,mixer1,spur,2*LO - 2*IF,2,2,-1,-61.163515116200905,531
22000000000.0,22.0,73,1710000000.0,1710.0,29680000000.0,29.68,-61.3040691494178,1.3040691494177992,False,False,False,0,ignore,translated_residual | spur | 2*LO - 2*IF,translated_residual | spur | 2*LO - 2*IF,translated_residual,translated_residual -> if2_filter -> mixer2_translate -> rf_filter,mixer1,spur,2*LO - 2*IF,2,2,-1,-61.3040691494178,"409,418"
22000000000.0,22.0,74,2040000000.0,2040.0,29020000000.0,29.02,-61.339963455693166,1.3399634556931659,False,False,False,0,ignore,translated_residual | spur | 2*LO - 2*IF,translated_residual | spur | 2*LO - 2*IF,translated_residual,translated_residual -> if2_filter -> mixer2_translate -> rf_filter,mixer1,spur,2*LO - 2*IF,2,2,-1,-61.339963455693166,"579,586"
22000000000.0,22.0,75,1820000000.0,1820.0,29460000000.0,29.46,-61.38876158442389,1.3887615844238894,False,False,False,0,ignore,translated_residual | spur | 2*LO - 2*IF,translated_residual | spur | 2*LO - 2*IF,translated_residual,translated_residual -> if2_filter -> mixer2_translate -> rf_filter,mixer1,spur,2*LO - 2*IF,2,2,-1,-61.38876158442389,474
22000000000.0,22.0,76,1750000000.0,1750.0,29600000000.0,29.6,-61.412907925777404,1.4129079257774038,False,False,False,0,ignore,translated_residual | spur | 2*LO - 2*IF,translated_residual | spur | 2*LO - 2*IF,translated_residual,translated_residual -> if2_filter -> mixer2_translate -> rf_filter,mixer1,spur,2*LO - 2*IF,2,2,-1,-61.4129079257774,"435,443"
22000000000.0,22.0,77,1660000000.0,1660.0,29780000000.0,29.78,-61.50382090479919,1.5038209047991913,False,False,False,0,ignore,translated_residual | spur | 2*LO - 2*IF,translated_residual | spur | 2*LO - 2*IF,translated_residual,translated_residual -> if2_filter -> mixer2_translate -> rf_filter,mixer1,spur,2*LO - 2*IF,2,2,-1,-61.50382090479919,"382,391"
22000000000.0,22.0,78,1870000000.0,1870.0,29360000000.0,29.36,-61.657736736301196,1.657736736301196,False,False,False,0,ignore,translated_residual | spur | 2*LO - 2*IF,translated_residual | spur | 2*LO - 2*IF,translated_residual,translated_residual -> if2_filter -> mixer2_translate -> rf_filter,mixer1,spur,2*LO - 2*IF,2,2,-1,-61.657736736301196,"495,502"
22000000000.0,22.0,79,1740000000.0,1740.0,29620000000.0,29.62,-61.68893159695176,1.688931596951761,False,False,False,0,ignore,translated_residual | spur | 2*LO - 2*IF,translated_residual | spur | 2*LO - 2*IF,translated_residual,translated_residual -> if2_filter -> mixer2_translate -> rf_filter,mixer1,spur,2*LO - 2*IF,2,2,-1,-61.68893159695176,"427,435"
22000000000.0,22.0,80,1600000000.0,1600.0,29900000000.0,29.9,-61.74043794748763,1.740437947487628,False,False,False,0,ignore,translated_residual | spur | 2*LO - 2*IF,translated_residual | spur | 2*LO - 2*IF,translated_residual,translated_residual -> if2_filter -> mixer2_translate -> rf_filter,mixer1,spur,2*LO - 2*IF,2,2,-1,-61.74043794748763,"350,358"
22000000000.0,22.0,81,1490000000.0,1490.0,30120000000.0,30.12,-61.75402240457102,1.7540224045710175,False,False,False,0,ignore,translated_residual | spur | 2*LO - 2*IF,translated_residual | spur | 2*LO - 2*IF,translated_residual,translated_residual -> if2_filter -> mixer2_translate -> rf_filter,mixer1,spur,2*LO - 2*IF,2,2,-1,-61.75402240457102,296
22000000000.0,22.0,82,1650000000.0,1650.0,29800000000.0,29.8,-61.83364228066775,1.8336422806677533,False,False,False,0,ignore,translated_residual | spur | 2*LO - 2*IF,translated_residual | spur | 2*LO - 2*IF,translated_residual,translated_residual -> if2_filter -> mixer2_translate -> rf_filter,mixer1,spur,2*LO - 2*IF,2,2,-1,-61.83364228066775,"374,382"
22000000000.0,22.0,83,1680000000.0,1680.0,29740000000.0,29.74,-61.90281554770378,1.9028155477037814,False,False,False,0,ignore,translated_residual | spur | 2*LO - 2*IF,translated_residual | spur | 2*LO - 2*IF,translated_residual,translated_residual -> if2_filter -> mixer2_translate -> rf_filter,mixer1,spur,2*LO - 2*IF,2,2,-1,-61.90281554770378,"391,400"
22000000000.0,22.0,84,1640000000.0,1640.0,29820000000.0,29.82,-61.95258933738438,1.9525893373843815,False,False,False,0,ignore,translated_residual | spur | 2*LO - 2*IF,translated_residual | spur | 2*LO - 2*IF,translated_residual,translated_residual -> if2_filter -> mixer2_translate -> rf_filter,mixer1,spur,2*LO - 2*IF,2,2,-1,-61.95258933738438,374
22000000000.0,22.0,85,1520000000.0,1520.0,30060000000.0,30.06,-62.00551536393889,2.0055153639388905,False,False,False,0,ignore,translated_residual | spur | 2*LO - 2*IF,translated_residual | spur | 2*LO - 2*IF,translated_residual,translated_residual -> if2_filter -> mixer2_translate -> rf_filter,mixer1,spur,2*LO - 2*IF,2,2,-1,-62.00551536393889,312
22000000000.0,22.0,86,1880000000.0,1880.0,29340000000.0,29.34,-62.02039545831981,2.020395458319811,False,False,False,0,ignore,translated_residual | spur | 2*LO - 2*IF,translated_residual | spur | 2*LO - 2*IF,translated_residual,translated_residual -> if2_filter -> mixer2_translate -> rf_filter,mixer1,spur,2*LO - 2*IF,2,2,-1,-62.02039545831982,502
22000000000.0,22.0,87,1700000000.0,1700.0,29700000000.0,29.7,-62.31459135317039,2.3145913531703926,False,False,False,0,ignore,translated_residual | spur | 2*LO - 2*IF,translated_residual | spur | 2*LO - 2*IF,translated_residual,translated_residual -> if2_filter -> mixer2_translate -> rf_filter,mixer1,spur,2*LO - 2*IF,2,2,-1,-62.31459135317039,409
22000000000.0,22.0,88,1690000000.0,1690.0,29720000000.0,29.72,-62.359904637698016,2.3599046376980155,False,False,False,0,ignore,translated_residual | spur | 2*LO - 2*IF,translated_residual | spur | 2*LO - 2*IF,translated_residual,translated_residual -> if2_filter -> mixer2_translate -> rf_filter,mixer1,spur,2*LO - 2*IF,2,2,-1,-62.359904637698016,"400,409"
22000000000.0,22.0,89,1560000000.0,1560.0,29980000000.0,29.98,-62.80960631714063,2.809606317140627,False,False,False,0,ignore,translated_residual | spur | 2*LO - 2*IF,translated_residual | spur | 2*LO - 2*IF,translated_residual,translated_residual -> if2_filter -> mixer2_translate -> rf_filter,mixer1,spur,2*LO - 2*IF,2,2,-1,-62.80960631714063,"327,335"
22000000000.0,22.0,90,1550000000.0,1550.0,30000000000.0,30.0,-63.19575271476728,3.1957527147672806,False,False,False,0,ignore,translated_residual | spur | 2*LO - 2*IF,translated_residual | spur | 2*LO - 2*IF,translated_residual,translated_residual -> if2_filter -> mixer2_translate -> rf_filter,mixer1,spur,2*LO - 2*IF,2,2,-1,-63.19575271476728,327
22000000000.0,22.0,91,1800000000.0,1800.0,29500000000.0,29.5,-63.26311986521606,3.263119865216062,False,False,False,0,ignore,translated_residual | spur | 2*LO - 2*IF,translated_residual | spur | 2*LO - 2*IF,translated_residual,translated_residual -> if2_filter -> mixer2_translate -> rf_filter,mixer1,spur,2*LO - 2*IF,2,2,-1,-63.26311986521606,"459,467"
22000000000.0,22.0,92,1530000000.0,1530.0,30040000000.0,30.04,-63.26579326829369,3.2657932682936917,False,False,False,0,ignore,translated_residual | spur | 2*LO - 2*IF,translated_residual | spur | 2*LO - 2*IF,translated_residual,translated_residual -> if2_filter -> mixer2_translate -> rf_filter,mixer1,spur,2*LO - 2*IF,2,2,-1,-63.26579326829369,"312,319"
22000000000.0,22.0,93,1810000000.0,1810.0,29480000000.0,29.48,-63.44157843728424,3.4415784372842424,False,False,False,0,ignore,translated_residual | spur | 2*LO - 2*IF,translated_residual | spur | 2*LO - 2*IF,translated_residual,translated_residual -> if2_filter -> mixer2_translate -> rf_filter,mixer1,spur,2*LO - 2*IF,2,2,-1,-63.44157843728424,"467,474"
22000000000.0,22.0,94,1540000000.0,1540.0,30020000000.0,30.02,-63.646455661334315,3.646455661334315,False,False,False,0,ignore,translated_residual | spur | 2*LO - 2*IF,translated_residual | spur | 2*LO - 2*IF,translated_residual,translated_residual -> if2_filter -> mixer2_translate -> rf_filter,mixer1,spur,2*LO - 2*IF,2,2,-1,-63.646455661334315,"319,327"
22000000000.0,22.0,95,1570000000.0,1570.0,29960000000.0,29.96,-63.75677267147652,3.7567726714765186,False,False,False,0,ignore,translated_residual | spur | 2*LO - 2*IF,translated_residual | spur | 2*LO - 2*IF,translated_residual,translated_residual -> if2_filter -> mixer2_translate -> rf_filter,mixer1,spur,2*LO - 2*IF,2,2,-1,-63.75677267147652,"335,343"
22000000000.0,22.0,96,1590000000.0,1590.0,29920000000.0,29.92,-63.78964307291392,3.7896430729139183,False,False,False,0,ignore,translated_residual | spur | 2*LO - 2*IF,translated_residual | spur | 2*LO - 2*IF,translated_residual,translated_residual -> if2_filter -> mixer2_translate -> rf_filter,mixer1,spur,2*LO - 2*IF,2,2,-1,-63.78964307291392,"343,350"
22000000000.0,22.0,97,1480000000.0,1480.0,30140000000.0,30.14,-64.2769604947524,4.276960494752402,False,False,False,0,ignore,translated_residual | spur | 2*LO - 2*IF,translated_residual | spur | 2*LO - 2*IF,translated_residual,translated_residual -> if2_filter -> mixer2_translate -> rf_filter,mixer1,spur,2*LO - 2*IF,2,2,-1,-64.2769604947524,"288,296"
22000000000.0,22.0,98,1580000000.0,1580.0,29740000000.0,29.74,-65.592926562491,5.592926562491002,False,False,False,0,ignore,mixer2_family | spur | 2*LO - 2*IF,mixer2_family | spur | 2*LO - 2*IF,mixer2_family,mixer2_family -> rf_filter,mixer2_lo2_22GHz,spur,2*LO - 2*IF,2,2,-1,-65.592926562491,205
22000000000.0,22.0,99,1430000000.0,1430.0,30040000000.0,30.04,-66.62888080054817,6.628880800548174,False,False,False,0,ignore,mixer2_family | spur | 2*LO - 2*IF,mixer2_family | spur | 2*LO - 2*IF,mixer2_family,mixer2_family -> rf_filter,mixer2_lo2_22GHz,spur,2*LO - 2*IF,2,2,-1,-66.62888080054817,163
22000000000.0,22.0,100,1440000000.0,1440.0,30020000000.0,30.02,-66.71111568590887,6.711115685908865,False,False,False,0,ignore,mixer2_family | spur | 2*LO - 2*IF,mixer2_family | spur | 2*LO - 2*IF,mixer2_family,mixer2_family -> rf_filter,mixer2_lo2_22GHz,spur,2*LO - 2*IF,2,2,-1,-66.71111568590887,"163,168"
22000000000.0,22.0,101,1420000000.0,1420.0,30060000000.0,30.06,-66.81149313626216,6.811493136262158,False,False,False,0,ignore,mixer2_family | spur | 2*LO - 2*IF,mixer2_family | spur | 2*LO - 2*IF,mixer2_family,mixer2_family -> rf_filter,mixer2_lo2_22GHz,spur,2*LO - 2*IF,2,2,-1,-66.81149313626216,"158,163"
22000000000.0,22.0,102,1410000000.0,1410.0,30080000000.0,30.08,-66.90489247912593,6.904892479125934,False,False,False,0,ignore,mixer2_family | spur | 2*LO - 2*IF,mixer2_family | spur | 2*LO - 2*IF,mixer2_family,mixer2_family -> rf_filter,mixer2_lo2_22GHz,spur,2*LO - 2*IF,2,2,-1,-66.90489247912593,"153,158"
22000000000.0,22.0,103,1400000000.0,1400.0,30100000000.0,30.1,-66.90907882913949,6.909078829139489,False,False,False,0,ignore,mixer2_family | spur | 2*LO - 2*IF,mixer2_family | spur | 2*LO - 2*IF,mixer2_family,mixer2_family -> rf_filter,mixer2_lo2_22GHz,spur,2*LO - 2*IF,2,2,-1,-66.90907882913949,153
22000000000.0,22.0,104,1470000000.0,1470.0,30160000000.0,30.16,-67.00069999114379,7.00069999114379,False,False,False,0,ignore,translated_residual | spur | 2*LO - 2*IF,translated_residual | spur | 2*LO - 2*IF,translated_residual,translated_residual -> if2_filter -> mixer2_translate -> rf_filter,mixer1,spur,2*LO - 2*IF,2,2,-1,-67.00069999114379,"280,288"
22000000000.0,22.0,105,1390000000.0,1390.0,30120000000.0,30.12,-67.04140462879332,7.041404628793316,False,False,False,0,ignore,mixer2_family | spur | 2*LO - 2*IF,mixer2_family | spur | 2*LO - 2*IF,mixer2_family,mixer2_family -> rf_filter,mixer2_lo2_22GHz,spur,2*LO - 2*IF,2,2,-1,-67.04140462879332,"148,153"
22000000000.0,22.0,106,1450000000.0,1450.0,30000000000.0,30.0,-67.04563978908735,7.045639789087346,False,False,False,0,ignore,mixer2_family | spur | 2*LO - 2*IF,mixer2_family | spur | 2*LO - 2*IF,mixer2_family,mixer2_family -> rf_filter,mixer2_lo2_22GHz,spur,2*LO - 2*IF,2,2,-1,-67.04563978908735,"168,173"
22000000000.0,22.0,107,1380000000.0,1380.0,30140000000.0,30.14,-67.1768826977461,7.176882697746095,False,False,False,0,ignore,mixer2_family | spur | 2*LO - 2*IF,mixer2_family | spur | 2*LO - 2*IF,mixer2_family,mixer2_family -> rf_filter,mixer2_lo2_22GHz,spur,2*LO - 2*IF,2,2,-1,-67.1768826977461,"143,148"
22000000000.0,22.0,108,1370000000.0,1370.0,30160000000.0,30.16,-67.31551303599785,7.315513035997853,False,False,False,0,ignore,mixer2_family | spur | 2*LO - 2*IF,mixer2_family | spur | 2*LO - 2*IF,mixer2_family,mixer2_family -> rf_filter,mixer2_lo2_22GHz,spur,2*LO - 2*IF,2,2,-1,-67.31551303599785,143
22000000000.0,22.0,109,1460000000.0,1460.0,29980000000.0,29.98,-67.6324531100836,7.632453110083603,False,False,False,0,ignore,mixer2_family | spur | 2*LO - 2*IF,mixer2_family | spur | 2*LO - 2*IF,mixer2_family,mixer2_family -> rf_filter,mixer2_lo2_22GHz,spur,2*LO - 2*IF,2,2,-1,-67.6324531100836,173
22000000000.0,22.0,110,1240000000.0,1240.0,30030000000.0,30.03,-67.63528038197086,7.635280381970858,False,False,False,0,ignore,translated_residual | spur | 1*LO + 2*IF,translated_residual | spur | 1*LO + 2*IF,translated_residual,translated_residual -> if2_filter -> mixer2_translate -> rf_filter,mixer1,spur,1*LO + 2*IF,1,2,1,-67.63528038197086,"160,168"
22000000000.0,22.0,111,1230000000.0,1230.0,30010000000.0,30.01,-67.70753552100963,7.707535521009632,False,False,False,0,ignore,translated_residual | spur | 1*LO + 2*IF,translated_residual | spur | 1*LO + 2*IF,translated_residual,translated_residual -> if2_filter -> mixer2_translate -> rf_filter,mixer1,spur,1*LO + 2*IF,1,2,1,-67.70753552100963,"153,160"
22000000000.0,22.0,112,1360000000.0,1360.0,30180000000.0,30.18,-67.80161119718656,7.80161119718656,False,False,False,0,ignore,mixer2_family | spur | 2*LO - 2*IF,mixer2_family | spur | 2*LO - 2*IF,mixer2_family,mixer2_family -> rf_filter,mixer2_lo2_22GHz,spur,2*LO - 2*IF,2,2,-1,-67.80161119718656,"138,143"
22000000000.0,22.0,113,1250000000.0,1250.0,30400000000.0,30.4,-68.19838959770001,8.198389597700015,False,False,False,0,ignore,mixer2_family | spur | 2*LO - 2*IF,mixer2_family | spur | 2*LO - 2*IF,mixer2_family,mixer2_family -> rf_filter,mixer2_lo2_22GHz,spur,2*LO - 2*IF,2,2,-1,-68.19838959770001,103
22000000000.0,22.0,114,1140000000.0,1140.0,30620000000.0,30.62,-68.22906301459072,8.229063014590722,False,False,False,0,ignore,mixer2_family | spur | 2*LO - 2*IF,mixer2_family | spur | 2*LO - 2*IF,mixer2_family,mixer2_family -> rf_filter,mixer2_lo2_22GHz,spur,2*LO - 2*IF,2,2,-1,-68.22906301459072,"63,68"
22000000000.0,22.0,115,1130000000.0,1130.0,30640000000.0,30.64,-68.2292047994434,8.229204799443394,False,False,False,0,ignore,mixer2_family | spur | 2*LO - 2*IF,mixer2_family | spur | 2*LO - 2*IF,mixer2_family,mixer2_family -> rf_filter,mixer2_lo2_22GHz,spur,2*LO - 2*IF,2,2,-1,-68.2292047994434,63
22000000000.0,22.0,116,1350000000.0,1350.0,30200000000.0,30.2,-68.26782176172101,8.26782176172101,False,False,False,0,ignore,mixer2_family | spur | 2*LO - 2*IF,mixer2_family | spur | 2*LO - 2*IF,mixer2_family,mixer2_family -> rf_filter,mixer2_lo2_22GHz,spur,2*LO - 2*IF,2,2,-1,-68.26782176172101,"133,138"
22000000000.0,22.0,117,1150000000.0,1150.0,30600000000.0,30.6,-68.33991056919612,8.339910569196121,False,False,False,0,ignore,mixer2_family | spur | 2*LO - 2*IF,mixer2_family | spur | 2*LO - 2*IF,mixer2_family,mixer2_family -> rf_filter,mixer2_lo2_22GHz,spur,2*LO - 2*IF,2,2,-1,-68.33991056919612,"68,73"
22000000000.0,22.0,118,1170000000.0,1170.0,30560000000.0,30.56,-68.38697179089239,8.386971790892389,False,False,False,0,ignore,mixer2_family | spur | 2*LO - 2*IF,mixer2_family | spur | 2*LO - 2*IF,mixer2_family,mixer2_family -> rf_filter,mixer2_lo2_22GHz,spur,2*LO - 2*IF,2,2,-1,-68.38697179089239,"73,78"
22000000000.0,22.0,119,1120000000.0,1120.0,30660000000.0,30.66,-68.38958404290626,8.389584042906264,False,False,False,0,ignore,mixer2_family | spur | 2*LO - 2*IF,mixer2_family | spur | 2*LO - 2*IF,mixer2_family,mixer2_family -> rf_filter,mixer2_lo2_22GHz,spur,2*LO - 2*IF,2,2,-1,-68.38958404290626,"58,63"
22000000000.0,22.0,120,1320000000.0,1320.0,30260000000.0,30.26,-68.43044204008923,8.430442040089233,False,False,False,0,ignore,mixer2_family | spur | 2*LO - 2*IF,mixer2_family | spur | 2*LO - 2*IF,mixer2_family,mixer2_family -> rf_filter,mixer2_lo2_22GHz,spur,2*LO - 2*IF,2,2,-1,-68.43044204008923,"123,128"
22000000000.0,22.0,121,1260000000.0,1260.0,30380000000.0,30.38,-68.43946388322614,8.43946388322614,False,False,False,0,ignore,mixer2_family | spur | 2*LO - 2*IF,mixer2_family | spur | 2*LO - 2*IF,mixer2_family,mixer2_family -> rf_filter,mixer2_lo2_22GHz,spur,2*LO - 2*IF,2,2,-1,-68.43946388322614,"103,108"
22000000000.0,22.0,122,1180000000.0,1180.0,30540000000.0,30.54,-68.48076892014258,8.48076892014258,False,False,False,0,ignore,mixer2_family | spur | 2*LO - 2*IF,mixer2_family | spur | 2*LO - 2*IF,mixer2_family,mixer2_family -> rf_filter,mixer2_lo2_22GHz,spur,2*LO - 2*IF,2,2,-1,-68.48076892014258,"78,83"
22000000000.0,22.0,123,1330000000.0,1330.0,30240000000.0,30.24,-68.4882837986467,8.488283798646705,False,False,False,0,ignore,mixer2_family | spur | 2*LO - 2*IF,mixer2_family | spur | 2*LO - 2*IF,mixer2_family,mixer2_family -> rf_filter,mixer2_lo2_22GHz,spur,2*LO - 2*IF,2,2,-1,-68.4882837986467,"128,133"
22000000000.0,22.0,124,1310000000.0,1310.0,30280000000.0,30.28,-68.54061945392877,8.54061945392877,False,False,False,0,ignore,mixer2_family | spur | 2*LO - 2*IF,mixer2_family | spur | 2*LO - 2*IF,mixer2_family,mixer2_family -> rf_filter,mixer2_lo2_22GHz,spur,2*LO - 2*IF,2,2,-1,-68.54061945392877,123
22000000000.0,22.0,125,1160000000.0,1160.0,30580000000.0,30.58,-68.54174746325961,8.541747463259611,False,False,False,0,ignore,mixer2_family | spur | 2*LO - 2*IF,mixer2_family | spur | 2*LO - 2*IF,mixer2_family,mixer2_family -> rf_filter,mixer2_lo2_22GHz,spur,2*LO - 2*IF,2,2,-1,-68.54174746325961,73
22000000000.0,22.0,126,1300000000.0,1300.0,30300000000.0,30.3,-68.58804936987315,8.588049369873147,False,False,False,0,ignore,mixer2_family | spur | 2*LO - 2*IF,mixer2_family | spur | 2*LO - 2*IF,mixer2_family,mixer2_family -> rf_filter,mixer2_lo2_22GHz,spur,2*LO - 2*IF,2,2,-1,-68.58804936987315,"118,123"
22000000000.0,22.0,127,1270000000.0,1270.0,30360000000.0,30.36,-68.59676200690818,8.596762006908179,False,False,False,0,ignore,mixer2_family | spur | 2*LO - 2*IF,mixer2_family | spur | 2*LO - 2*IF,mixer2_family,mixer2_family -> rf_filter,mixer2_lo2_22GHz,spur,2*LO - 2*IF,2,2,-1,-68.59676200690818,"108,113"
22000000000.0,22.0,128,1290000000.0,1290.0,30320000000.0,30.32,-68.63127087481226,8.631270874812259,False,False,False,0,ignore,mixer2_family | spur | 2*LO - 2*IF,mixer2_family | spur | 2*LO - 2*IF,mixer2_family,mixer2_family -> rf_filter,mixer2_lo2_22GHz,spur,2*LO - 2*IF,2,2,-1,-68.63127087481226,"113,118"
22000000000.0,22.0,129,1110000000.0,1110.0,30680000000.0,30.68,-68.63709524379736,8.637095243797361,False,False,False,0,ignore,mixer2_family | spur | 2*LO - 2*IF,mixer2_family | spur | 2*LO - 2*IF,mixer2_family,mixer2_family -> rf_filter,mixer2_lo2_22GHz,spur,2*LO - 2*IF,2,2,-1,-68.63709524379736,"53,58"
22000000000.0,22.0,130,1280000000.0,1280.0,30340000000.0,30.34,-68.6702839687461,8.670283968746105,False,False,False,0,ignore,mixer2_family | spur | 2*LO - 2*IF,mixer2_family | spur | 2*LO - 2*IF,mixer2_family,mixer2_family -> rf_filter,mixer2_lo2_22GHz,spur,2*LO - 2*IF,2,2,-1,-68.6702839687461,113
22000000000.0,22.0,131,1340000000.0,1340.0,30220000000.0,30.22,-68.71414472960122,8.714144729601216,False,False,False,0,ignore,mixer2_family | spur | 2*LO - 2*IF,mixer2_family | spur | 2*LO - 2*IF,mixer2_family,mixer2_family -> rf_filter,mixer2_lo2_22GHz,spur,2*LO - 2*IF,2,2,-1,-68.71414472960122,133
22000000000.0,22.0,132,1190000000.0,1190.0,30520000000.0,30.52,-68.82313885101016,8.823138851010157,False,False,False,0,ignore,mixer2_family | spur | 2*LO - 2*IF,mixer2_family | spur | 2*LO - 2*IF,mixer2_family,mixer2_family -> rf_filter,mixer2_lo2_22GHz,spur,2*LO - 2*IF,2,2,-1,-68.82313885101016,83
22000000000.0,22.0,133,1220000000.0,1220.0,29990000000.0,29.99,-68.94467287807853,8.944672878078535,False,False,False,0,ignore,translated_residual | spur | 1*LO + 2*IF,translated_residual | spur | 1*LO + 2*IF,translated_residual,translated_residual -> if2_filter -> mixer2_translate -> rf_filter,mixer1,spur,1*LO + 2*IF,1,2,1,-68.94467287807853,153
22000000000.0,22.0,134,1100000000.0,1100.0,30700000000.0,30.7,-68.97173840211669,8.971738402116685,False,False,False,0,ignore,mixer2_family | spur | 2*LO - 2*IF,mixer2_family | spur | 2*LO - 2*IF,mixer2_family,mixer2_family -> rf_filter,mixer2_lo2_22GHz,spur,2*LO - 2*IF,2,2,-1,-68.97173840211669,53
22000000000.0,22.0,135,1060000000.0,1060.0,29670000000.0,29.67,-69.25039491257219,9.25039491257219,False,False,False,0,ignore,translated_residual | spur | 1*LO + 2*IF,translated_residual | spur | 1*LO + 2*IF,translated_residual,translated_residual -> if2_filter -> mixer2_translate -> rf_filter,mixer1,spur,1*LO + 2*IF,1,2,1,-69.25039491257219,"57,66"
22000000000.0,22.0,136,1090000000.0,1090.0,30720000000.0,30.72,-69.2837415221321,9.283741522132104,False,False,False,0,ignore,mixer2_family | spur | 2*LO - 2*IF,mixer2_family | spur | 2*LO - 2*IF,mixer2_family,mixer2_family -> rf_filter,mixer2_lo2_22GHz,spur,2*LO - 2*IF,2,2,-1,-69.2837415221321,"48,53"
22000000000.0,22.0,137,1070000000.0,1070.0,30760000000.0,30.76,-69.4040152517725,9.404015251772506,True,False,False,0,ignore,mixer2_family | spur | 2*LO - 2*IF,mixer2_family | spur | 2*LO - 2*IF,mixer2_family,mixer2_family -> rf_filter,mixer2_lo2_22GHz,spur,2*LO - 2*IF,2,2,-1,-69.40418791284233,43
22000000000.0,22.0,138,1050000000.0,1050.0,30800000000.0,30.8,-69.41145073758123,9.411450737581234,False,False,False,0,ignore,mixer2_family | spur | 2*LO - 2*IF,mixer2_family | spur | 2*LO - 2*IF,mixer2_family,mixer2_family -> rf_filter,mixer2_lo2_22GHz,spur,2*LO - 2*IF,2,2,-1,-69.41145073758123,"33,38"
22000000000.0,22.0,139,1080000000.0,1080.0,30740000000.0,30.74,-69.42789135904066,9.427891359040657,False,False,False,0,ignore,mixer2_family | spur | 2*LO - 2*IF,mixer2_family | spur | 2*LO - 2*IF,mixer2_family,mixer2_family -> rf_filter,mixer2_lo2_22GHz,spur,2*LO - 2*IF,2,2,-1,-69.42789135904066,"43,48"
22000000000.0,22.0,140,1200000000.0,1200.0,30500000000.0,30.5,-69.50352014669724,9.503520146697241,False,False,False,0,ignore,mixer2_family | spur | 2*LO - 2*IF,mixer2_family | spur | 2*LO - 2*IF,mixer2_family,mixer2_family -> rf_filter,mixer2_lo2_22GHz,spur,2*LO - 2*IF,2,2,-1,-69.50352014669724,"83,88"
22000000000.0,22.0,141,1040000000.0,1040.0,30820000000.0,30.82,-69.67587338214032,9.675873382140324,False,False,False,0,ignore,mixer2_family | spur | 2*LO - 2*IF,mixer2_family | spur | 2*LO - 2*IF,mixer2_family,mixer2_family -> rf_filter,mixer2_lo2_22GHz,spur,2*LO - 2*IF,2,2,-1,-69.67587338214032,33
22000000000.0,22.0,142,1210000000.0,1210.0,30480000000.0,30.48,-69.73934511611168,9.739345116111679,False,False,False,0,ignore,mixer2_family | spur | 2*LO - 2*IF,mixer2_family | spur | 2*LO - 2*IF,mixer2_family,mixer2_family -> rf_filter,mixer2_lo2_22GHz,spur,2*LO - 2*IF,2,2,-1,-69.73934511611168,"88,93"
22000000000.0,22.0,143,1000000000.0,1000.0,29550000000.0,29.55,-70.27536607150567,10.275366071505672,False,False,False,0,ignore,translated_residual | spur | 1*LO + 2*IF,translated_residual | spur | 1*LO + 2*IF,translated_residual,translated_residual -> if2_filter -> mixer2_translate -> rf_filter,mixer1,spur,1*LO + 2*IF,1,2,1,-70.27536607150567,"25,33"
22000000000.0,22.0,144,990000000.0,990.0,29530000000.0,29.53,-70.45074258173578,10.450742581735781,False,False,False,0,ignore,translated_residual | spur | 1*LO + 2*IF,translated_residual | spur | 1*LO + 2*IF,translated_residual,translated_residual -> if2_filter -> mixer2_translate -> rf_filter,mixer1,spur,1*LO + 2*IF,1,2,1,-70.45074258173578,"18,25"
22000000000.0,22.0,145,1030000000.0,1030.0,30840000000.0,30.84,-70.56316079142877,10.563160791428771,False,False,False,0,ignore,mixer2_family | spur | 2*LO - 2*IF,mixer2_family | spur | 2*LO - 2*IF,mixer2_family,mixer2_family -> rf_filter,mixer2_lo2_22GHz,spur,2*LO - 2*IF,2,2,-1,-70.56316079142877,"28,33"
22000000000.0,22.0,146,980000000.0,980.0,30940000000.0,30.94,-71.1078847139378,11.107884713937807,False,False,False,0,ignore,mixer2_family | spur | 2*LO - 2*IF,mixer2_family | spur | 2*LO - 2*IF,mixer2_family,mixer2_family -> rf_filter,mixer2_lo2_22GHz,spur,2*LO - 2*IF,2,2,-1,-71.1078847139378,13
22000000000.0,22.0,147,1020000000.0,1020.0,30860000000.0,30.86,-71.24886199219574,11.248861992195742,False,False,False,0,ignore,mixer2_family | spur | 2*LO - 2*IF,mixer2_family | spur | 2*LO - 2*IF,mixer2_family,mixer2_family -> rf_filter,mixer2_lo2_22GHz,spur,2*LO - 2*IF,2,2,-1,-71.24886199219574,"23,28"
22000000000.0,22.0,148,970000000.0,970.0,30960000000.0,30.96,-71.67457763218864,11.674577632188644,False,False,False,0,ignore,mixer2_family | spur | 2*LO - 2*IF,mixer2_family | spur | 2*LO - 2*IF,mixer2_family,mixer2_family -> rf_filter,mixer2_lo2_22GHz,spur,2*LO - 2*IF,2,2,-1,-71.67457763218864,"8,13"
22000000000.0,22.0,149,1010000000.0,1010.0,30880000000.0,30.88,-71.73297698444128,11.73297698444128,False,False,False,0,ignore,mixer2_family | spur | 2*LO - 2*IF,mixer2_family | spur | 2*LO - 2*IF,mixer2_family,mixer2_family -> rf_filter,mixer2_lo2_22GHz,spur,2*LO - 2*IF,2,2,-1,-71.73297698444128,23
22000000000.0,22.0,150,960000000.0,960.0,30980000000.0,30.98,-72.04838874133331,12.048388741333312,False,False,False,0,ignore,mixer2_family | spur | 2*LO - 2*IF,mixer2_family | spur | 2*LO - 2*IF,mixer2_family,mixer2_family -> rf_filter,mixer2_lo2_22GHz,spur,2*LO - 2*IF,2,2,-1,-72.04838874133331,"2,8"
22000000000.0,22.0,151,950000000.0,950.0,31000000000.0,31.0,-72.22931804137178,12.229318041371783,False,False,False,0,ignore,mixer2_family | spur | 2*LO - 2*IF,mixer2_family | spur | 2*LO - 2*IF,mixer2_family,mixer2_family -> rf_filter,mixer2_lo2_22GHz,spur,2*LO - 2*IF,2,2,-1,-72.22931804137178,2
